,City,2017,2018,2019,2020,2021,2022_pred,2023_pred,2024_pred,Count,recomm_2022,recomm_2023,recom_2024
0,Affoltern am Albis,29,35,54,75,103,142.0,196.0,270.0,5.0,7.0,10.0,14.0
1,Bonstetten,18,21,29,37,70,100.0,143.0,204.0,2.0,3.0,4.0,6.0
2,Mettmenstetten,20,26,36,41,60,79.0,105.0,139.0,3.0,4.0,5.0,7.0
3,Obfelden,11,18,30,40,68,108.0,171.0,270.0,1.0,2.0,3.0,5.0
4,Adlikon,1,5,4,6,11,25.0,57.0,131.0,1.0,2.0,5.0,11.0
5,Feuerthalen,10,15,16,22,32,43.0,58.0,79.0,1.0,1.0,1.0,1.0
6,Henggart,7,13,18,22,37,57.0,87.0,134.0,1.0,2.0,3.0,5.0
7,Ossingen,4,6,9,11,13,18.0,24.0,32.0,1.0,1.0,1.0,1.0
8,Rheinau,4,5,7,7,10,13.0,16.0,20.0,1.0,1.0,1.0,1.0
9,Bachenbülach,8,11,21,35,72,126.0,221.0,387.0,3.0,5.0,9.0,16.0
10,Bülach,32,49,74,92,151,224.0,331.0,491.0,2.0,3.0,4.0,6.0
11,Dietlikon,34,45,54,54,98,131.0,175.0,233.0,1.0,1.0,1.0,1.0
12,Embrach,20,26,39,54,89,130.0,189.0,276.0,1.0,1.0,1.0,1.0
13,Kloten,28,46,70,101,224,382.0,652.0,1113.0,4.0,7.0,12.0,20.0
14,Opfikon,74,51,65,125,250,368.0,541.0,797.0,11.0,16.0,24.0,35.0
15,Wallisellen,37,53,91,134,198,302.0,460.0,702.0,2.0,3.0,5.0,8.0
16,Dielsdorf,375,738,297,240,208,210.0,213.0,215.0,2.0,2.0,2.0,2.0
17,Niederweningen,9,15,15,21,33,47.0,66.0,92.0,1.0,1.0,1.0,1.0
18,Oberglatt,10,13,16,20,34,47.0,64.0,87.0,1.0,1.0,1.0,1.0
19,Oberweningen,6,9,12,14,20,27.0,37.0,50.0,1.0,1.0,1.0,1.0
20,Otelfingen,2,7,14,19,24,49.0,99.0,201.0,2.0,4.0,8.0,16.0
21,Regensdorf,37,44,62,85,118,158.0,212.0,284.0,1.0,1.0,1.0,1.0
22,Dürnten,21,34,55,71,98,145.0,214.0,316.0,1.0,1.0,1.0,1.0
23,Fischenthal,2,4,7,14,20,36.0,64.0,116.0,1.0,2.0,4.0,7.0
24,Hinwil,38,50,61,79,125,169.0,229.0,310.0,4.0,5.0,7.0,9.0
25,Adliswil,29,32,61,88,145,221.0,337.0,514.0,13.0,20.0,30.0,46.0
26,Thalwil,41,55,82,124,202,302.0,451.0,673.0,2.0,3.0,4.0,6.0
27,Herrliberg,23,28,48,71,96,138.0,199.0,287.0,1.0,1.0,1.0,1.0
28,Männedorf,24,30,47,91,139,218.0,343.0,538.0,3.0,5.0,8.0,13.0
29,Oetwil am See,8,8,16,23,39,60.0,92.0,141.0,1.0,2.0,3.0,5.0
30,Stäfa,36,41,77,117,179,271.0,412.0,624.0,1.0,2.0,3.0,5.0
31,Zumikon,21,23,40,62,94,139.0,205.0,302.0,1.0,1.0,1.0,1.0
32,Zollikon,41,54,75,113,169,241.0,344.0,491.0,3.0,4.0,6.0,9.0
33,Lindau,24,26,35,52,81,111.0,152.0,207.0,3.0,4.0,5.0,7.0
34,Pfäffikon,24,31,40,73,117,176.0,264.0,397.0,5.0,8.0,12.0,18.0
35,Russikon,13,15,21,30,47,65.0,90.0,125.0,1.0,1.0,1.0,1.0
36,Dübendorf,51,81,113,170,283,435.0,670.0,1030.0,2.0,3.0,5.0,8.0
37,Fällanden,22,28,34,64,100,148.0,220.0,326.0,1.0,1.0,1.0,1.0
38,Mönchaltorf,8,14,25,35,45,70.0,109.0,169.0,1.0,2.0,3.0,5.0
39,Schwerzenbach,8,9,18,22,34,50.0,74.0,109.0,1.0,1.0,1.0,1.0
40,Uster,62,86,143,196,293,433.0,641.0,948.0,8.0,12.0,18.0,27.0
41,Volketswil,46,55,83,114,180,255.0,360.0,509.0,4.0,6.0,8.0,11.0
42,Wangen-Brüttisellen,12,19,29,41,65,99.0,152.0,232.0,1.0,2.0,3.0,5.0
43,Elsau,8,9,16,16,27,38.0,53.0,74.0,2.0,3.0,4.0,6.0
44,Pfungen,10,12,15,23,30,40.0,52.0,69.0,2.0,3.0,4.0,5.0
45,Seuzach,24,27,32,46,77,104.0,141.0,192.0,9.0,12.0,16.0,22.0
46,Turbenthal,9,8,14,19,32,45.0,65.0,92.0,2.0,3.0,4.0,6.0
47,Winterthur,173,232,389,586,830,1233.0,1831.0,2719.0,13.0,19.0,28.0,42.0
48,Dietikon,42,53,65,111,150,208.0,288.0,400.0,10.0,14.0,19.0,26.0
49,Geroldswil,12,16,28,36,53,77.0,113.0,165.0,1.0,1.0,1.0,1.0
50,Schlieren,37,49,68,124,232,372.0,595.0,953.0,19.0,30.0,48.0,77.0
51,Zürich,815,940,1392,2036,3017,4208.0,5868.0,8185.0,39.0,54.0,75.0,105.0
52,Wädenswil,44,56,91,143,243,375.0,578.0,891.0,2.0,3.0,5.0,8.0
53,Horgen,42,53,99,166,271,436.0,702.0,1130.0,1.0,2.0,3.0,5.0
54,Illnau-Effretikon,40,46,67,96,134,182.0,247.0,336.0,2.0,3.0,4.0,5.0
55,Bauma,9,15,21,24,36,51.0,73.0,105.0,1.0,1.0,1.0,1.0
56,Aarberg,14,19,22,31,50,69.0,96.0,133.0,2.0,3.0,4.0,6.0
57,Kallnach,2,3,4,10,17,30.0,53.0,92.0,1.0,2.0,4.0,7.0
58,Lyss,18,23,34,58,100,155.0,239.0,370.0,9.0,14.0,22.0,34.0
59,Langenthal,31,35,68,89,246,439.0,785.0,1402.0,18.0,32.0,57.0,102.0
60,Madiswil,5,5,13,12,14,20.0,28.0,40.0,1.0,1.0,1.0,1.0
61,Melchnau,3,3,5,7,11,16.0,22.0,31.0,1.0,1.0,1.0,1.0
62,Rohrbach,2,3,5,4,9,14.0,22.0,34.0,2.0,3.0,5.0,8.0
63,Ursenbach,1,2,4,4,5,8.0,12.0,19.0,4.0,6.0,9.0,14.0
64,Bern,178,227,329,489,820,1207.0,1777.0,2615.0,37.0,54.0,80.0,118.0
65,Bolligen,5,8,17,26,41,70.0,120.0,204.0,1.0,2.0,3.0,5.0
66,Köniz,30,43,74,117,205,332.0,539.0,875.0,1.0,2.0,3.0,5.0
67,Muri bei Bern,27,31,50,69,114,165.0,239.0,346.0,2.0,3.0,4.0,6.0
68,Stettlen,4,4,4,7,17,26.0,41.0,63.0,2.0,3.0,5.0,8.0
69,Ittigen,22,20,30,29,57,76.0,102.0,136.0,3.0,4.0,5.0,7.0
70,Ostermundigen,7,10,20,38,56,95.0,162.0,275.0,7.0,12.0,20.0,34.0
71,Biel/Bienne,52,67,99,146,190,263.0,365.0,505.0,16.0,22.0,31.0,43.0
72,Büetigen,1,1,2,6,13,27.0,54.0,111.0,1.0,2.0,4.0,8.0
73,Büren an der Aare,5,8,11,11,17,23.0,32.0,45.0,2.0,3.0,4.0,6.0
74,Leuzigen,0,0,1,3,6,,,,1.0,,,
75,Pieterlen,8,8,10,14,28,40.0,56.0,79.0,3.0,4.0,6.0,8.0
76,Burgdorf,18,26,43,60,97,148.0,226.0,346.0,4.0,6.0,9.0,14.0
77,Hindelbank,2,2,6,7,16,30.0,56.0,103.0,1.0,2.0,4.0,7.0
78,Lyssach,0,4,6,12,21,inf,inf,inf,1.0,inf,,
79,Corgémont,2,2,4,9,13,22.0,36.0,61.0,1.0,2.0,3.0,5.0
80,Courtelary,2,2,4,5,10,16.0,24.0,38.0,2.0,3.0,4.0,6.0
81,Saint-Imier,5,4,5,11,21,32.0,50.0,77.0,3.0,5.0,8.0,12.0
82,Sonceboz-Sombeval,1,3,3,8,14,29.0,62.0,130.0,2.0,4.0,9.0,19.0
83,Tramelan,2,5,9,10,27,55.0,111.0,225.0,3.0,6.0,12.0,24.0
84,Jegenstorf,11,17,25,34,48,69.0,100.0,145.0,1.0,1.0,1.0,1.0
85,Moosseedorf,8,10,21,39,68,118.0,205.0,357.0,3.0,5.0,9.0,16.0
86,Münchenbuchsee,13,15,21,24,48,68.0,97.0,139.0,4.0,6.0,9.0,13.0
87,Urtenen-Schönbühl,11,12,18,25,38,52.0,72.0,99.0,3.0,4.0,6.0,8.0
88,Utzenstorf,6,10,10,16,28,42.0,63.0,95.0,2.0,3.0,4.0,6.0
89,Adelboden,2,2,3,4,8,12.0,17.0,25.0,6.0,9.0,13.0,19.0
90,Frutigen,14,17,28,38,55,78.0,110.0,156.0,1.0,1.0,1.0,1.0
91,Kandergrund,0,0,0,0,1,,,,1.0,,,
92,Grindelwald,3,1,5,9,17,38.0,86.0,195.0,2.0,4.0,9.0,20.0
93,Gsteigwiler,1,1,1,2,2,2.0,3.0,4.0,1.0,1.0,2.0,3.0
94,Interlaken,9,11,28,41,51,83.0,134.0,216.0,11.0,18.0,29.0,47.0
95,Lauterbrunnen,1,3,5,7,7,12.0,22.0,39.0,2.0,3.0,6.0,11.0
96,Wilderswil,2,2,3,2,9,17.0,33.0,63.0,1.0,2.0,4.0,8.0
97,Münsingen,32,38,56,77,116,161.0,223.0,309.0,6.0,8.0,11.0,15.0
98,Oberdiessbach,5,5,6,14,24,37.0,59.0,91.0,2.0,3.0,5.0,8.0
99,Rubigen,1,1,5,13,19,48.0,120.0,302.0,1.0,3.0,8.0,20.0
100,Worb,10,15,28,43,72,118.0,195.0,320.0,2.0,3.0,5.0,8.0
101,Frauenkappelen,0,0,3,6,13,,,,2.0,,,
102,Laupen,3,4,10,12,18,29.0,48.0,78.0,1.0,2.0,3.0,5.0
103,Moutier,1,5,11,19,32,85.0,225.0,597.0,3.0,8.0,21.0,56.0
104,La Neuveville,1,4,8,24,32,83.0,214.0,552.0,2.0,5.0,13.0,34.0
105,Nods,2,3,3,2,3,4.0,4.0,5.0,2.0,3.0,3.0,4.0
106,Brügg,7,8,13,18,29,42.0,60.0,87.0,2.0,3.0,4.0,6.0
107,Nidau,6,10,17,19,32,49.0,76.0,117.0,3.0,5.0,8.0,12.0
108,Orpund,2,2,2,4,13,24.0,43.0,77.0,1.0,2.0,4.0,7.0
109,Port,6,8,11,18,26,38.0,54.0,79.0,1.0,1.0,1.0,1.0
110,Walperswil,3,3,6,10,12,18.0,26.0,38.0,1.0,2.0,3.0,4.0
111,Spiez,18,20,38,59,94,145.0,223.0,343.0,3.0,5.0,8.0,12.0
112,Meiringen,10,13,16,23,35,48.0,66.0,90.0,5.0,7.0,10.0,14.0
113,Schattenhalb,0,0,0,1,1,,,,2.0,,,
114,Lenk,1,2,3,4,9,16.0,28.0,50.0,5.0,9.0,16.0,29.0
115,Zweisimmen,3,5,7,11,15,23.0,34.0,51.0,6.0,9.0,13.0,20.0
116,Saanen,9,20,30,48,49,78.0,123.0,195.0,14.0,22.0,35.0,55.0
117,Rüschegg,3,2,4,6,6,8.0,10.0,13.0,1.0,1.0,1.0,1.0
118,Belp,20,23,32,42,74,104.0,146.0,205.0,4.0,6.0,8.0,11.0
119,Kaufdorf,2,4,6,5,6,8.0,11.0,16.0,1.0,1.0,1.0,1.0
120,Kehrsatz,9,13,15,24,38,55.0,79.0,115.0,1.0,1.0,1.0,1.0
121,Eggiwil,0,0,0,1,2,,,,1.0,,,
122,Trubschachen,2,3,4,6,9,13.0,19.0,28.0,2.0,3.0,4.0,6.0
123,Heimberg,12,13,20,28,47,67.0,95.0,136.0,1.0,1.0,1.0,1.0
124,Steffisburg,14,20,30,46,76,116.0,178.0,271.0,3.0,5.0,8.0,12.0
125,Thun,58,77,106,154,268,395.0,583.0,859.0,27.0,40.0,59.0,87.0
126,Sumiswald,1,4,7,12,28,69.0,168.0,411.0,2.0,5.0,12.0,29.0
127,Wyssachen,2,3,8,9,13,22.0,37.0,62.0,1.0,2.0,3.0,5.0
128,Niederönz,4,5,5,9,13,18.0,25.0,34.0,2.0,3.0,4.0,5.0
129,Flühli,1,1,1,5,7,15.0,31.0,65.0,2.0,4.0,8.0,17.0
130,Schüpfheim,3,3,5,10,17,27.0,43.0,69.0,2.0,3.0,5.0,8.0
131,Ballwil,3,8,15,24,28,51.0,93.0,171.0,2.0,4.0,7.0,13.0
132,Emmen,29,37,57,71,134,199.0,296.0,441.0,4.0,6.0,9.0,13.0
133,Hochdorf,12,12,22,37,65,102.0,160.0,251.0,3.0,5.0,8.0,13.0
134,Inwil,1,1,3,6,17,38.0,83.0,183.0,3.0,7.0,15.0,33.0
135,Rothenburg,15,21,28,51,78,119.0,180.0,274.0,6.0,9.0,14.0,21.0
136,Schongau,2,2,6,14,22,43.0,86.0,170.0,1.0,2.0,4.0,8.0
137,Buchrain,5,6,10,22,40,69.0,119.0,204.0,13.0,22.0,38.0,65.0
138,Dierikon,5,5,5,9,15,20.0,28.0,38.0,1.0,1.0,1.0,1.0
139,Ebikon,20,28,40,65,103,155.0,235.0,354.0,3.0,5.0,8.0,12.0
140,Horw,33,40,48,70,114,157.0,215.0,296.0,2.0,3.0,4.0,6.0
141,Kriens,22,27,45,88,143,231.0,375.0,606.0,27.0,44.0,71.0,115.0
142,Luzern,187,183,247,381,528,694.0,912.0,1198.0,19.0,25.0,33.0,43.0
143,Meggen,33,34,52,69,112,154.0,213.0,293.0,1.0,1.0,1.0,1.0
144,Root,7,8,12,20,37,57.0,88.0,135.0,2.0,3.0,5.0,8.0
145,Vitznau,8,8,13,17,20,26.0,33.0,42.0,2.0,3.0,4.0,5.0
146,Weggis,10,14,20,32,45,66.0,96.0,140.0,1.0,1.0,1.0,1.0
147,Eich,7,10,16,23,35,52.0,78.0,117.0,1.0,1.0,2.0,3.0
148,Nottwil,4,7,13,21,33,56.0,95.0,162.0,4.0,7.0,12.0,20.0
149,Oberkirch,6,11,19,36,63,113.0,204.0,368.0,5.0,9.0,16.0,29.0
150,Ruswil,11,23,28,36,65,104.0,166.0,266.0,4.0,6.0,10.0,16.0
151,Schenkon,7,10,19,29,41,64.0,101.0,158.0,2.0,3.0,5.0,8.0
152,Sempach,7,8,12,19,33,49.0,73.0,109.0,3.0,4.0,6.0,9.0
153,Sursee,22,38,64,93,153,249.0,405.0,659.0,10.0,16.0,26.0,42.0
154,Triengen,13,15,22,28,43,58.0,79.0,108.0,1.0,1.0,1.0,1.0
155,Wolhusen,2,5,14,18,27,55.0,110.0,223.0,1.0,2.0,4.0,8.0
156,Egolzwil,5,6,8,12,18,25.0,34.0,48.0,1.0,1.0,1.0,1.0
157,Hergiswil bei Willisau,0,1,2,3,10,inf,inf,inf,1.0,inf,,
158,Menznau,3,6,7,19,23,41.0,72.0,128.0,1.0,2.0,4.0,7.0
159,Pfaffnau,1,1,4,11,21,51.0,122.0,296.0,1.0,2.0,5.0,12.0
160,Schötz,8,11,13,19,29,40.0,56.0,77.0,1.0,1.0,1.0,1.0
161,Willisau,8,10,17,22,44,69.0,107.0,167.0,4.0,6.0,9.0,14.0
162,Andermatt,2,3,2,2,8,14.0,26.0,46.0,1.0,2.0,4.0,7.0
163,Erstfeld,6,6,8,8,14,18.0,23.0,29.0,4.0,5.0,6.0,8.0
164,Flüelen,1,2,4,8,13,25.0,47.0,90.0,2.0,4.0,8.0,15.0
165,Schattdorf,3,3,5,11,30,57.0,108.0,205.0,4.0,8.0,15.0,28.0
166,Seelisberg,6,6,6,7,8,9.0,9.0,10.0,1.0,1.0,1.0,1.0
167,Sisikon,0,1,1,1,4,inf,inf,inf,2.0,inf,,
168,Einsiedeln,37,50,67,100,138,192.0,267.0,371.0,1.0,1.0,1.0,1.0
169,Gersau,1,3,5,12,21,46.0,102.0,225.0,1.0,2.0,4.0,9.0
170,Freienbach,71,99,144,228,301,433.0,623.0,895.0,1.0,1.0,1.0,1.0
171,Altendorf,24,32,53,80,112,165.0,244.0,359.0,3.0,4.0,6.0,9.0
172,Galgenen,5,5,14,25,38,68.0,120.0,213.0,1.0,2.0,4.0,7.0
173,Illgau,1,1,0,0,0,,,,1.0,,,
174,Muotathal,2,4,6,12,19,34.0,60.0,106.0,2.0,4.0,7.0,12.0
175,Oberiberg,5,5,9,9,9,11.0,13.0,16.0,1.0,1.0,1.0,1.0
176,Rothenthurm,0,0,0,2,5,,,,1.0,,,
177,Sattel,1,4,7,9,11,23.0,47.0,97.0,1.0,2.0,4.0,8.0
178,Schwyz,44,58,78,104,140,187.0,250.0,334.0,8.0,11.0,15.0,20.0
179,Steinen,11,10,15,17,27,35.0,44.0,57.0,3.0,4.0,5.0,6.0
180,Steinerberg,3,7,10,12,15,23.0,36.0,56.0,1.0,2.0,3.0,5.0
181,Unteriberg,1,1,3,4,13,28.0,60.0,128.0,1.0,2.0,4.0,9.0
182,Alpnach,5,9,18,21,31,50.0,80.0,130.0,1.0,2.0,3.0,5.0
183,Engelberg,8,13,13,16,26,36.0,49.0,67.0,3.0,4.0,5.0,7.0
184,Giswil,2,4,9,14,22,41.0,75.0,138.0,1.0,2.0,4.0,7.0
185,Kerns,21,24,32,42,67,90.0,121.0,163.0,1.0,1.0,1.0,1.0
186,Lungern,1,2,3,4,9,16.0,28.0,50.0,1.0,2.0,4.0,7.0
187,Sachseln,12,17,28,39,47,67.0,94.0,133.0,1.0,1.0,1.0,1.0
188,Sarnen,24,37,47,79,107,156.0,229.0,334.0,1.0,1.0,1.0,1.0
189,Beckenried,9,11,20,25,37,53.0,77.0,111.0,3.0,4.0,6.0,9.0
190,Dallenwil,2,4,2,7,15,31.0,62.0,127.0,1.0,2.0,4.0,8.0
191,Emmetten,3,3,4,10,11,16.0,24.0,36.0,1.0,1.0,2.0,3.0
192,Ennetmoos,7,8,12,15,16,20.0,25.0,30.0,1.0,1.0,1.0,1.0
193,Stans,11,15,22,45,81,135.0,226.0,377.0,11.0,18.0,30.0,50.0
194,Stansstad,13,17,26,39,53,75.0,107.0,153.0,1.0,1.0,1.0,1.0
195,Wolfenschiessen,4,4,6,9,11,14.0,19.0,24.0,1.0,1.0,1.0,1.0
196,Glarus Süd,16,19,28,39,75,112.0,167.0,250.0,2.0,3.0,4.0,6.0
197,Glarus,16,23,29,46,76,113.0,167.0,248.0,7.0,10.0,15.0,22.0
198,Baar,71,85,141,187,290,416.0,596.0,854.0,62.0,89.0,128.0,183.0
199,Cham,68,175,100,241,577,1147.0,2279.0,4529.0,16.0,32.0,64.0,127.0
200,Hünenberg,25,30,51,76,125,189.0,285.0,429.0,2.0,3.0,5.0,8.0
201,Oberägeri,22,26,41,59,105,157.0,234.0,350.0,3.0,4.0,6.0,9.0
202,Risch,39,105,473,645,922,2303.0,5751.0,14364.0,3.0,7.0,17.0,42.0
203,Steinhausen,14,17,33,56,107,181.0,306.0,517.0,10.0,17.0,29.0,49.0
204,Unterägeri,15,27,34,57,80,123.0,188.0,289.0,1.0,2.0,3.0,5.0
205,Walchwil,14,18,28,38,52,72.0,101.0,140.0,1.0,1.0,1.0,1.0
206,Zug,125,172,232,333,471,656.0,915.0,1275.0,21.0,29.0,40.0,56.0
207,Le Châtelard,0,0,0,1,4,,,,1.0,,,
208,Ursy,1,4,5,11,30,76.0,194.0,494.0,1.0,3.0,8.0,20.0
209,Broc,1,0,1,2,9,inf,inf,inf,2.0,inf,,
210,Bulle,18,19,39,75,158,282.0,503.0,898.0,6.0,11.0,20.0,36.0
211,Corbières,3,4,5,11,17,27.0,43.0,67.0,1.0,2.0,3.0,5.0
212,Gruyères,1,1,4,6,9,18.0,36.0,72.0,1.0,2.0,4.0,8.0
213,Jaun,1,1,1,1,3,4.0,7.0,10.0,1.0,1.0,2.0,3.0
214,Riaz,5,5,7,10,19,27.0,39.0,56.0,1.0,1.0,1.0,1.0
215,La Roche,4,4,6,9,13,18.0,24.0,33.0,3.0,4.0,5.0,7.0
216,Belfaux,2,2,5,10,12,20.0,34.0,56.0,1.0,2.0,3.0,5.0
217,Corminboeuf,1,2,7,14,32,78.0,192.0,469.0,2.0,5.0,12.0,29.0
218,Fribourg,26,35,57,88,135,204.0,309.0,468.0,11.0,17.0,26.0,39.0
219,Givisiez,7,5,6,13,23,34.0,49.0,72.0,1.0,1.0,1.0,1.0
220,Granges-Paccot,11,11,15,24,41,58.0,82.0,117.0,4.0,6.0,8.0,11.0
221,Marly,11,12,20,35,66,105.0,169.0,269.0,7.0,11.0,18.0,29.0
222,Matran,7,6,8,14,24,34.0,48.0,68.0,1.0,1.0,1.0,1.0
223,Le Mouret,3,3,9,17,32,62.0,121.0,235.0,1.0,2.0,4.0,8.0
224,Villars-sur-Glâne,19,24,33,54,84,122.0,178.0,260.0,7.0,10.0,15.0,22.0
225,Courgevaux,3,3,4,7,15,23.0,36.0,57.0,4.0,6.0,9.0,14.0
226,Kerzers,11,13,21,29,41,57.0,80.0,112.0,2.0,3.0,4.0,6.0
227,Murten,21,25,31,55,112,175.0,273.0,425.0,8.0,12.0,19.0,30.0
228,Düdingen,17,21,32,42,68,97.0,138.0,196.0,1.0,1.0,1.0,1.0
229,Bösingen,2,3,8,15,24,46.0,88.0,167.0,2.0,4.0,8.0,15.0
230,Plaffeien,3,4,6,8,15,23.0,34.0,52.0,2.0,3.0,4.0,6.0
231,Tafers,7,14,24,33,49,81.0,132.0,218.0,1.0,2.0,3.0,5.0
232,Wünnewil-Flamatt,5,11,13,15,27,43.0,68.0,107.0,1.0,2.0,3.0,5.0
233,Attalens,4,6,13,26,37,66.0,116.0,206.0,2.0,4.0,7.0,12.0
234,Bossonnens,3,8,12,17,23,40.0,69.0,120.0,2.0,3.0,5.0,9.0
235,Châtel-Saint-Denis,7,9,15,25,54,92.0,155.0,263.0,2.0,3.0,5.0,8.0
236,Egerkingen,4,4,7,11,27,46.0,77.0,131.0,2.0,3.0,5.0,9.0
237,Oensingen,8,7,26,41,51,94.0,175.0,324.0,10.0,18.0,34.0,63.0
238,Messen,4,3,4,7,14,20.0,30.0,43.0,1.0,1.0,2.0,3.0
239,Dornach,13,19,31,46,79,124.0,196.0,308.0,1.0,2.0,3.0,5.0
240,Niedergösgen,5,10,13,19,28,44.0,68.0,106.0,1.0,2.0,3.0,5.0
241,Winznau,1,1,2,5,8,14.0,25.0,45.0,1.0,2.0,4.0,7.0
242,Biberist,5,8,18,34,45,79.0,140.0,248.0,2.0,4.0,7.0,12.0
243,Deitingen,5,6,14,18,27,43.0,67.0,106.0,1.0,2.0,3.0,5.0
244,Derendingen,9,12,17,16,24,31.0,40.0,52.0,2.0,3.0,4.0,5.0
245,Gerlafingen,6,10,15,16,32,50.0,78.0,121.0,2.0,3.0,5.0,8.0
246,Kriegstetten,3,3,4,8,11,16.0,22.0,32.0,2.0,3.0,4.0,6.0
247,Luterbach,5,4,6,8,18,26.0,39.0,57.0,2.0,3.0,4.0,6.0
248,Recherswil,1,1,4,11,20,48.0,114.0,274.0,1.0,2.0,5.0,12.0
249,Subingen,5,4,8,12,19,28.0,41.0,60.0,1.0,1.0,1.0,1.0
250,Zuchwil,7,7,16,19,53,96.0,175.0,317.0,4.0,7.0,13.0,24.0
251,Bellach,23,23,31,44,58,74.0,94.0,119.0,2.0,3.0,4.0,5.0
252,Flumenthal,2,2,2,2,3,3.0,4.0,4.0,1.0,1.0,1.0,1.0
253,Grenchen,18,24,43,49,77,112.0,164.0,239.0,2.0,3.0,4.0,6.0
254,Langendorf,2,2,1,6,17,44.0,113.0,293.0,2.0,5.0,13.0,34.0
255,Riedholz,6,8,11,15,21,29.0,39.0,54.0,1.0,1.0,1.0,1.0
256,Selzach,4,5,8,13,18,26.0,39.0,57.0,1.0,1.0,2.0,3.0
257,Däniken,2,3,8,13,24,46.0,88.0,167.0,1.0,2.0,4.0,8.0
258,Hägendorf,11,12,21,37,52,78.0,117.0,176.0,1.0,2.0,3.0,5.0
259,Olten,18,30,42,60,105,164.0,256.0,400.0,10.0,16.0,25.0,39.0
260,Schönenwerd,3,6,10,14,22,37.0,61.0,101.0,2.0,3.0,5.0,8.0
261,Solothurn,36,42,63,92,154,223.0,324.0,470.0,11.0,16.0,23.0,33.0
262,Breitenbach,6,10,13,15,25,36.0,52.0,76.0,1.0,1.0,1.0,1.0
263,Grindel,0,0,0,2,7,,,,1.0,,,
264,Nunningen,1,1,6,11,15,38.0,97.0,248.0,1.0,3.0,8.0,20.0
265,Basel,157,207,332,511,785,1177.0,1765.0,2646.0,5.0,7.0,10.0,15.0
266,Allschwil,18,28,36,57,102,158.0,246.0,382.0,4.0,6.0,9.0,14.0
267,Biel-Benken,5,8,11,16,36,60.0,100.0,168.0,2.0,3.0,5.0,8.0
268,Birsfelden,9,13,14,18,24,31.0,40.0,51.0,1.0,1.0,1.0,1.0
269,Bottmingen,12,16,28,42,67,103.0,160.0,247.0,1.0,2.0,3.0,5.0
270,Ettingen,7,8,13,17,29,42.0,61.0,88.0,1.0,1.0,1.0,1.0
271,Münchenstein,23,36,58,84,117,176.0,265.0,398.0,4.0,6.0,9.0,14.0
272,Muttenz,23,28,42,60,103,151.0,221.0,324.0,7.0,10.0,15.0,22.0
273,Schönenbuch,4,5,5,6,8,10.0,11.0,14.0,1.0,1.0,1.0,1.0
274,Therwil,21,23,29,38,70,96.0,133.0,183.0,3.0,4.0,6.0,8.0
275,Brislach,3,4,5,7,10,14.0,18.0,25.0,1.0,1.0,1.0,1.0
276,Duggingen,2,2,7,10,15,28.0,52.0,96.0,1.0,2.0,4.0,7.0
277,Grellingen,2,7,9,11,16,30.0,56.0,104.0,1.0,2.0,4.0,7.0
278,Laufen,12,17,26,32,40,54.0,74.0,100.0,3.0,4.0,5.0,7.0
279,Röschenz,2,3,3,6,12,20.0,32.0,51.0,3.0,5.0,8.0,13.0
280,Lausen,4,6,10,19,38,67.0,119.0,210.0,2.0,4.0,7.0,12.0
281,Liestal,37,64,85,115,170,250.0,368.0,543.0,1.0,1.0,1.0,1.0
282,Lupsingen,3,3,7,15,27,49.0,89.0,163.0,1.0,2.0,4.0,7.0
283,Pratteln,16,24,33,73,98,158.0,253.0,407.0,3.0,5.0,8.0,13.0
284,Böckten,4,8,10,12,15,21.0,30.0,43.0,1.0,1.0,1.0,1.0
285,Bretzwil,0,1,3,2,4,inf,inf,inf,1.0,inf,,
286,Neunkirch,1,4,6,11,19,43.0,97.0,221.0,1.0,2.0,5.0,11.0
287,Thayngen,9,12,17,25,42,62.0,91.0,135.0,1.0,1.0,1.0,1.0
288,Neuhausen am Rheinfall,12,19,26,34,50,72.0,103.0,147.0,5.0,7.0,10.0,14.0
289,Schaffhausen,47,73,110,160,266,411.0,634.0,980.0,14.0,22.0,34.0,53.0
290,Herisau,38,43,62,78,111,146.0,192.0,252.0,4.0,5.0,7.0,9.0
291,Urnäsch,1,1,1,2,4,6.0,9.0,14.0,2.0,3.0,4.0,6.0
292,Waldstatt,5,6,7,8,13,17.0,21.0,27.0,1.0,1.0,1.0,1.0
293,Gais,5,5,13,17,24,38.0,60.0,95.0,4.0,6.0,9.0,14.0
294,Speicher,9,16,23,23,41,61.0,92.0,138.0,4.0,6.0,9.0,14.0
295,Trogen,4,3,4,7,15,22.0,33.0,50.0,1.0,1.0,2.0,3.0
296,Heiden,9,9,11,17,30,41.0,57.0,79.0,1.0,1.0,1.0,1.0
297,Rehetobel,9,8,10,15,21,26.0,33.0,42.0,1.0,1.0,1.0,1.0
298,Appenzell,36,37,49,67,96,124.0,159.0,205.0,4.0,5.0,6.0,8.0
299,Gonten,1,2,3,6,11,20.0,37.0,68.0,1.0,2.0,4.0,7.0
300,Oberegg,5,7,8,9,15,20.0,27.0,36.0,1.0,1.0,1.0,1.0
301,Muolen,2,3,5,6,10,15.0,23.0,34.0,1.0,2.0,3.0,4.0
302,St. Gallen,135,178,265,414,664,992.0,1481.0,2211.0,39.0,58.0,87.0,130.0
303,Wittenbach,8,12,18,35,75,133.0,235.0,417.0,3.0,5.0,9.0,16.0
304,Goldach,17,19,25,43,66,94.0,133.0,190.0,3.0,4.0,6.0,9.0
305,Mörschwil,9,10,17,25,51,81.0,127.0,201.0,1.0,2.0,3.0,5.0
306,Rorschach,11,13,19,33,44,63.0,90.0,128.0,1.0,1.0,1.0,1.0
307,Rorschacherberg,2,4,9,19,37,77.0,160.0,332.0,1.0,2.0,4.0,8.0
308,Steinach,3,4,9,17,29,52.0,93.0,168.0,2.0,4.0,7.0,13.0
309,Balgach,7,11,20,35,43,68.0,109.0,174.0,1.0,2.0,3.0,5.0
310,Diepoldsau,6,10,21,31,55,96.0,169.0,297.0,1.0,2.0,4.0,7.0
311,St. Margrethen,10,9,11,15,25,32.0,41.0,53.0,2.0,3.0,4.0,5.0
312,Thal,8,14,23,33,64,108.0,183.0,310.0,1.0,2.0,3.0,5.0
313,Altstätten,15,23,33,59,97,155.0,248.0,397.0,3.0,5.0,8.0,13.0
314,Gams,8,14,20,26,41,62.0,94.0,142.0,2.0,3.0,5.0,8.0
315,Grabs,11,18,26,42,54,81.0,121.0,181.0,1.0,2.0,3.0,4.0
316,Sennwald,18,22,30,45,64,88.0,121.0,167.0,2.0,3.0,4.0,6.0
317,Sevelen,5,10,19,33,46,81.0,142.0,250.0,2.0,4.0,7.0,12.0
318,Bad Ragaz,3,4,10,21,45,91.0,183.0,370.0,4.0,8.0,16.0,32.0
319,Flums,6,8,11,19,29,43.0,64.0,96.0,4.0,6.0,9.0,14.0
320,Mels,7,12,15,27,47,76.0,124.0,202.0,6.0,10.0,16.0,26.0
321,Vilters-Wangs,14,21,29,30,43,57.0,77.0,103.0,1.0,1.0,1.0,1.0
322,Walenstadt,4,6,11,14,33,57.0,100.0,174.0,3.0,5.0,9.0,16.0
323,Amden,4,3,4,5,6,7.0,8.0,9.0,2.0,2.0,2.0,2.0
324,Kaltbrunn,9,12,16,28,42,62.0,92.0,136.0,1.0,1.0,1.0,1.0
325,Weesen,5,5,8,13,23,34.0,52.0,77.0,2.0,3.0,5.0,7.0
326,Schmerikon,13,12,19,30,39,53.0,71.0,95.0,3.0,4.0,5.0,7.0
327,Uznach,4,6,10,19,43,79.0,144.0,265.0,2.0,4.0,7.0,13.0
328,Gommiswald,11,12,17,34,59,92.0,144.0,224.0,2.0,3.0,5.0,8.0
329,Ebnat-Kappel,6,7,13,20,43,72.0,121.0,203.0,2.0,3.0,5.0,8.0
330,Nesslau,4,3,7,9,12,17.0,24.0,35.0,1.0,1.0,1.0,1.0
331,Lichtensteig,1,3,5,10,17,36.0,74.0,156.0,1.0,2.0,4.0,8.0
332,Wattwil,10,14,24,30,54,83.0,128.0,198.0,3.0,5.0,8.0,12.0
333,Mosnang,2,5,8,11,22,41.0,77.0,144.0,2.0,4.0,8.0,15.0
334,Flawil,17,20,30,37,64,90.0,127.0,179.0,5.0,7.0,10.0,14.0
335,Oberuzwil,5,8,16,28,57,105.0,194.0,359.0,3.0,6.0,11.0,20.0
336,Niederbüren,4,4,6,8,12,16.0,21.0,28.0,1.0,1.0,1.0,1.0
337,Waldkirch,8,12,16,19,29,40.0,56.0,77.0,1.0,1.0,1.0,1.0
338,Lantsch/Lenz,1,1,1,0,2,inf,inf,inf,1.0,inf,,
339,Brusio,1,1,1,3,4,6.0,10.0,16.0,2.0,3.0,5.0,8.0
340,Poschiavo,13,18,19,23,34,44.0,56.0,72.0,4.0,5.0,6.0,8.0
341,Falera,1,0,2,3,4,inf,inf,inf,2.0,inf,,
342,Laax,2,2,7,13,22,44.0,89.0,179.0,2.0,4.0,8.0,16.0
343,Vals,3,3,3,5,5,6.0,7.0,8.0,1.0,1.0,1.0,1.0
344,Fürstenau,0,1,2,2,3,inf,inf,inf,1.0,inf,,
345,Thusis,4,7,8,14,19,28.0,43.0,64.0,4.0,6.0,9.0,13.0
346,Andeer,2,3,6,6,6,8.0,11.0,16.0,1.0,1.0,1.0,1.0
347,Zernez,1,1,2,5,5,8.0,13.0,21.0,4.0,6.0,10.0,16.0
348,Scuol,9,9,13,20,31,43.0,59.0,82.0,3.0,4.0,5.0,7.0
349,Bever,1,3,4,2,3,5.0,8.0,12.0,1.0,2.0,3.0,4.0
350,Celerina/Schlarigna,4,3,6,9,11,15.0,21.0,28.0,3.0,4.0,6.0,8.0
351,Madulain,0,0,0,0,0,,,,1.0,,,
352,Pontresina,6,8,12,15,18,24.0,31.0,41.0,8.0,11.0,14.0,19.0
353,Samedan,6,7,10,15,21,29.0,40.0,54.0,5.0,7.0,10.0,14.0
354,St. Moritz,17,21,24,34,52,69.0,92.0,123.0,7.0,9.0,12.0,16.0
355,Silvaplana,3,4,3,3,6,8.0,10.0,12.0,4.0,5.0,6.0,7.0
356,Zuoz,1,1,3,5,9,17.0,31.0,59.0,2.0,4.0,7.0,13.0
357,Mesocco,2,4,3,6,10,16.0,26.0,41.0,1.0,2.0,3.0,5.0
358,Davos,13,17,29,37,55,79.0,115.0,166.0,12.0,17.0,25.0,36.0
359,Furna,0,0,0,0,0,,,,1.0,,,
360,Klosters,2,2,4,8,15,26.0,44.0,76.0,3.0,5.0,8.0,14.0
361,Küblis,2,2,2,4,7,10.0,14.0,21.0,3.0,4.0,6.0,9.0
362,Chur,47,68,100,169,304,487.0,780.0,1249.0,13.0,21.0,34.0,54.0
363,Churwalden,0,1,2,4,12,inf,inf,inf,1.0,inf,,
364,Arosa,7,9,13,16,27,38.0,54.0,76.0,6.0,8.0,11.0,15.0
365,Untervaz,5,5,6,7,13,17.0,22.0,29.0,1.0,1.0,1.0,1.0
366,Zizers,6,9,12,20,30,45.0,68.0,101.0,2.0,3.0,5.0,7.0
367,Fläsch,5,7,10,12,15,20.0,26.0,34.0,1.0,1.0,1.0,1.0
368,Maienfeld,11,17,26,36,56,84.0,127.0,190.0,3.0,4.0,6.0,9.0
369,Landquart,17,19,26,35,66,94.0,135.0,193.0,3.0,4.0,6.0,9.0
370,Schiers,0,1,2,5,11,inf,inf,inf,1.0,inf,,
371,Disentis/Mustér,0,2,5,7,13,inf,inf,inf,1.0,inf,,
372,Trun,1,0,0,4,7,,,,1.0,,,
373,Aarau,44,67,106,145,227,343.0,517.0,781.0,16.0,24.0,36.0,54.0
374,Gränichen,12,13,22,33,54,80.0,118.0,174.0,3.0,4.0,6.0,9.0
375,Hirschthal,6,6,7,17,25,38.0,57.0,87.0,1.0,2.0,3.0,5.0
376,Oberentfelden,5,8,13,26,39,66.0,110.0,185.0,5.0,8.0,13.0,22.0
377,Suhr,10,15,21,26,43,62.0,90.0,131.0,2.0,3.0,4.0,6.0
378,Unterentfelden,4,6,7,17,39,72.0,133.0,246.0,4.0,7.0,13.0,24.0
379,Baden,44,55,81,116,203,300.0,442.0,653.0,10.0,15.0,22.0,33.0
380,Gebenstorf,9,10,17,29,45,68.0,104.0,157.0,1.0,2.0,3.0,5.0
381,Künten,2,2,6,11,15,27.0,49.0,87.0,1.0,2.0,4.0,7.0
382,Mägenwil,8,7,11,14,18,23.0,28.0,35.0,1.0,1.0,1.0,1.0
383,Mellingen,12,15,17,24,43,60.0,84.0,117.0,1.0,1.0,1.0,1.0
384,Neuenhof,6,6,11,16,31,48.0,75.0,117.0,1.0,2.0,3.0,5.0
385,Oberrohrdorf,9,13,24,32,59,95.0,154.0,249.0,1.0,2.0,3.0,5.0
386,Spreitenbach,9,14,24,30,46,70.0,105.0,159.0,10.0,15.0,22.0,33.0
387,Turgi,5,5,9,14,21,31.0,45.0,66.0,2.0,3.0,4.0,6.0
388,Untersiggenthal,15,16,25,48,70,105.0,158.0,237.0,1.0,2.0,3.0,4.0
389,Wettingen,21,29,59,96,154,256.0,425.0,707.0,2.0,3.0,5.0,8.0
390,Würenlingen,9,6,8,12,31,47.0,72.0,109.0,1.0,2.0,3.0,5.0
391,Berikon,5,10,13,18,29,46.0,72.0,113.0,2.0,3.0,5.0,8.0
392,Dottikon,6,9,13,20,39,63.0,101.0,162.0,2.0,3.0,5.0,8.0
393,Sarmenstorf,14,15,24,31,39,51.0,66.0,87.0,3.0,4.0,5.0,7.0
394,Villmergen,14,18,27,22,39,52.0,70.0,95.0,4.0,5.0,7.0,10.0
395,Widen,6,7,13,23,36,57.0,91.0,145.0,2.0,3.0,5.0,8.0
396,Bözen,0,2,1,2,8,inf,inf,inf,1.0,inf,,
397,Brugg,25,24,61,51,93,143.0,221.0,340.0,4.0,6.0,9.0,14.0
398,Lupfig,5,6,13,18,27,42.0,66.0,103.0,2.0,3.0,5.0,8.0
399,Remigen,1,1,1,5,11,25.0,58.0,134.0,1.0,2.0,5.0,12.0
400,Villnachern,3,4,7,9,15,23.0,34.0,52.0,1.0,2.0,3.0,5.0
401,Windisch,12,20,30,39,58,86.0,129.0,191.0,2.0,3.0,4.0,6.0
402,Holziken,1,1,3,6,12,24.0,48.0,96.0,1.0,2.0,4.0,8.0
403,Menziken,6,7,12,24,42,70.0,115.0,191.0,1.0,2.0,3.0,5.0
404,Schöftland,8,9,10,17,31,45.0,64.0,93.0,1.0,1.0,1.0,1.0
405,Unterkulm,1,2,8,13,17,38.0,85.0,189.0,1.0,2.0,4.0,9.0
406,Frick,12,11,15,27,56,86.0,133.0,204.0,4.0,6.0,9.0,14.0
407,Kaisten,3,4,11,18,28,51.0,93.0,168.0,1.0,2.0,4.0,7.0
408,Oeschgen,0,2,3,7,12,inf,inf,inf,1.0,inf,,
409,Sisseln,2,2,3,6,14,24.0,41.0,70.0,3.0,5.0,9.0,15.0
410,Dintikon,9,8,10,22,33,48.0,70.0,103.0,4.0,6.0,9.0,13.0
411,Fahrwangen,2,6,9,17,21,40.0,76.0,145.0,1.0,2.0,4.0,8.0
412,Hunzenschwil,6,8,10,20,33,51.0,80.0,125.0,2.0,3.0,5.0,8.0
413,Lenzburg,20,30,48,67,103,155.0,234.0,353.0,6.0,9.0,14.0,21.0
414,Meisterschwanden,10,13,23,37,56,87.0,134.0,208.0,2.0,3.0,5.0,8.0
415,Othmarsingen,7,10,14,20,32,47.0,69.0,100.0,2.0,3.0,4.0,6.0
416,Rupperswil,18,14,18,33,57,80.0,113.0,158.0,2.0,3.0,4.0,6.0
417,Seengen,13,15,22,41,61,91.0,136.0,203.0,1.0,1.0,1.0,1.0
418,Seon,7,14,17,23,33,50.0,74.0,111.0,2.0,3.0,4.0,6.0
419,Abtwil,2,2,4,6,14,24.0,41.0,70.0,1.0,2.0,3.0,5.0
420,Auw,3,3,8,6,15,26.0,45.0,78.0,1.0,2.0,3.0,5.0
421,Bettwil,1,6,12,16,21,56.0,149.0,396.0,17.0,45.0,120.0,319.0
422,Boswil,6,7,10,15,23,32.0,46.0,64.0,1.0,1.0,1.0,1.0
423,Oberrüti,2,2,3,6,7,10.0,14.0,20.0,2.0,3.0,4.0,6.0
424,Kaiseraugst,6,9,19,27,41,67.0,110.0,180.0,2.0,3.0,5.0,8.0
425,Mumpf,6,9,12,14,25,36.0,52.0,76.0,2.0,3.0,4.0,6.0
426,Rheinfelden,19,31,41,56,88,130.0,191.0,281.0,1.0,1.0,1.0,1.0
427,Bottenwil,3,3,4,7,10,14.0,19.0,26.0,1.0,1.0,1.0,1.0
428,Kirchleerau,4,2,2,3,4,4.0,5.0,5.0,1.0,1.0,1.0,1.0
429,Kölliken,8,13,18,24,33,47.0,67.0,96.0,4.0,6.0,9.0,13.0
430,Oftringen,11,17,28,43,84,140.0,234.0,392.0,3.0,5.0,8.0,13.0
431,Reitnau,4,5,7,11,14,19.0,26.0,36.0,1.0,1.0,1.0,1.0
432,Rothrist,13,17,27,44,79,125.0,197.0,312.0,4.0,6.0,9.0,14.0
433,Safenwil,9,16,24,34,61,99.0,161.0,260.0,5.0,8.0,13.0,21.0
434,Vordemwald,6,5,9,14,21,30.0,42.0,60.0,1.0,1.0,1.0,1.0
435,Zofingen,16,18,34,60,91,143.0,225.0,355.0,1.0,2.0,3.0,5.0
436,Döttingen,11,14,19,24,30,39.0,50.0,64.0,1.0,1.0,1.0,1.0
437,Klingnau,2,4,11,14,25,49.0,95.0,186.0,1.0,2.0,4.0,8.0
438,Bad Zurzach,7,9,14,18,24,33.0,45.0,61.0,1.0,1.0,1.0,1.0
439,Arbon,20,22,131,59,92,208.0,472.0,1071.0,5.0,11.0,25.0,57.0
440,Egnach,7,8,14,23,44,71.0,114.0,184.0,1.0,2.0,3.0,5.0
441,Horn,3,3,4,8,18,30.0,49.0,80.0,1.0,2.0,3.0,5.0
442,Amriswil,12,15,24,53,95,163.0,279.0,477.0,3.0,5.0,9.0,15.0
443,Bischofszell,10,13,16,28,50,76.0,115.0,174.0,2.0,3.0,5.0,8.0
444,Sulgen,5,6,7,11,23,35.0,52.0,79.0,2.0,3.0,4.0,6.0
445,Diessenhofen,6,8,11,21,28,42.0,62.0,92.0,1.0,2.0,3.0,4.0
446,Aadorf,29,31,43,69,135,203.0,305.0,460.0,2.0,3.0,5.0,8.0
447,Frauenfeld,57,70,116,172,267,395.0,585.0,866.0,10.0,15.0,22.0,33.0
448,Ermatingen,10,13,25,38,70,115.0,190.0,312.0,1.0,2.0,3.0,5.0
449,Güttingen,3,5,8,11,24,41.0,70.0,119.0,1.0,2.0,3.0,5.0
450,Kreuzlingen,39,55,81,116,203,308.0,467.0,708.0,6.0,9.0,14.0,21.0
451,Münsterlingen,8,10,79,18,35,99.0,280.0,794.0,1.0,3.0,8.0,23.0
452,Tägerwilen,14,14,26,45,77,121.0,191.0,301.0,6.0,9.0,14.0,22.0
453,Wäldi,2,2,6,12,14,25.0,45.0,81.0,1.0,2.0,4.0,7.0
454,Sirnach,20,21,38,65,98,149.0,226.0,344.0,2.0,3.0,5.0,8.0
455,Müllheim,4,6,10,27,40,73.0,135.0,248.0,1.0,2.0,4.0,7.0
456,Salenstein,4,7,10,18,25,40.0,63.0,101.0,1.0,2.0,3.0,5.0
457,Amlikon-Bissegg,1,1,3,6,10,19.0,37.0,70.0,1.0,2.0,4.0,8.0
458,Märstetten,10,11,16,20,32,43.0,58.0,79.0,1.0,1.0,1.0,1.0
459,Weinfelden,33,35,63,96,146,216.0,318.0,470.0,3.0,4.0,6.0,9.0
460,Bellinzona,59,78,118,173,296,445.0,669.0,1005.0,9.0,14.0,21.0,32.0
461,Lumino,4,5,6,8,17,25.0,37.0,55.0,1.0,1.0,1.0,1.0
462,Sant'Antonino,1,2,4,5,14,28.0,57.0,114.0,4.0,8.0,16.0,32.0
463,Airolo,2,2,4,6,6,8.0,11.0,16.0,1.0,1.0,1.0,1.0
464,Faido,1,1,1,11,20,74.0,274.0,1017.0,1.0,4.0,15.0,56.0
465,Pollegio,1,1,1,3,7,13.0,24.0,43.0,1.0,2.0,4.0,7.0
466,Quinto,1,1,0,2,5,inf,inf,inf,1.0,inf,,
467,Brione sopra Minusio,4,3,3,6,9,12.0,16.0,20.0,1.0,1.0,1.0,1.0
468,Brissago,5,5,5,9,12,15.0,20.0,25.0,1.0,1.0,1.0,1.0
469,Gordola,4,5,11,19,49,95.0,184.0,357.0,1.0,2.0,4.0,8.0
470,Locarno,22,24,31,41,67,89.0,119.0,159.0,11.0,15.0,20.0,27.0
471,Losone,7,9,13,24,54,92.0,157.0,268.0,3.0,5.0,9.0,15.0
472,Minusio,5,9,15,27,54,98.0,178.0,324.0,3.0,5.0,9.0,16.0
473,Muralto,6,9,14,17,20,27.0,37.0,50.0,2.0,3.0,4.0,5.0
474,Agno,3,5,6,9,21,35.0,59.0,99.0,1.0,2.0,3.0,5.0
475,Aranno,1,1,1,1,3,4.0,7.0,10.0,1.0,1.0,2.0,3.0
476,Bedano,5,5,8,11,24,37.0,57.0,88.0,1.0,2.0,3.0,5.0
477,Bedigliora,0,0,0,0,2,,,,1.0,,,
478,Bioggio,13,18,25,44,62,92.0,137.0,203.0,2.0,3.0,4.0,6.0
479,Bissone,5,4,4,6,8,9.0,11.0,12.0,1.0,1.0,1.0,1.0
480,Brusino Arsizio,0,0,0,1,2,,,,1.0,,,
481,Cadempino,3,2,5,13,16,28.0,49.0,86.0,3.0,5.0,9.0,16.0
482,Caslano,2,5,5,7,16,29.0,52.0,93.0,1.0,2.0,4.0,7.0
483,Comano,14,12,14,18,28,34.0,41.0,50.0,1.0,1.0,1.0,1.0
484,Grancia,2,3,4,1,3,5.0,7.0,11.0,1.0,2.0,3.0,5.0
485,Gravesano,1,2,4,9,13,25.0,48.0,93.0,2.0,4.0,8.0,16.0
486,Lamone,3,3,7,12,22,38.0,65.0,112.0,1.0,2.0,3.0,5.0
487,Lugano,118,140,224,343,543,801.0,1182.0,1743.0,13.0,19.0,28.0,41.0
488,Magliaso,5,6,9,10,12,15.0,19.0,24.0,1.0,1.0,1.0,1.0
489,Manno,7,8,10,17,27,38.0,54.0,77.0,1.0,1.0,1.0,1.0
490,Massagno,8,8,11,16,29,41.0,58.0,81.0,1.0,1.0,1.0,1.0
491,Melide,3,5,8,10,18,28.0,45.0,71.0,2.0,3.0,5.0,8.0
492,Miglieglia,1,2,3,3,3,4.0,6.0,8.0,1.0,1.0,2.0,3.0
493,Muzzano,1,2,4,9,13,25.0,48.0,93.0,3.0,6.0,12.0,23.0
494,Novaggio,1,1,2,2,4,6.0,9.0,14.0,1.0,2.0,3.0,5.0
495,Origlio,3,4,4,10,18,30.0,50.0,82.0,1.0,2.0,3.0,5.0
496,Paradiso,12,15,22,38,63,96.0,147.0,224.0,1.0,2.0,3.0,5.0
497,Rovio,3,3,6,9,9,12.0,17.0,23.0,1.0,1.0,1.0,1.0
498,Sorengo,7,8,11,12,18,23.0,29.0,38.0,1.0,1.0,1.0,1.0
499,Torricella-Taverne,2,3,4,7,19,35.0,63.0,115.0,2.0,4.0,7.0,13.0
500,Vernate,4,5,6,13,18,27.0,41.0,61.0,1.0,2.0,3.0,4.0
501,Vezia,6,5,6,7,11,13.0,16.0,19.0,1.0,1.0,1.0,1.0
502,Balerna,1,1,2,5,24,62.0,159.0,410.0,2.0,5.0,13.0,34.0
503,Chiasso,14,16,23,30,42,55.0,73.0,97.0,5.0,7.0,9.0,12.0
504,Coldrerio,4,5,7,17,21,33.0,52.0,83.0,1.0,2.0,3.0,5.0
505,Mendrisio,32,34,45,80,159,245.0,376.0,578.0,12.0,18.0,28.0,43.0
506,Morbio Inferiore,0,5,10,18,30,inf,inf,inf,3.0,inf,,
507,Novazzano,1,4,6,17,26,64.0,158.0,390.0,1.0,2.0,5.0,12.0
508,Riva San Vitale,6,8,13,9,18,25.0,36.0,51.0,1.0,1.0,1.0,1.0
509,Stabio,9,9,10,23,36,54.0,80.0,120.0,2.0,3.0,4.0,6.0
510,Vacallo,3,3,4,8,18,30.0,49.0,80.0,1.0,2.0,3.0,5.0
511,Biasca,11,14,19,26,39,54.0,74.0,101.0,1.0,1.0,1.0,1.0
512,Cevio,1,1,3,7,10,19.0,38.0,73.0,1.0,2.0,4.0,8.0
513,Gambarogno,12,14,21,33,53,77.0,113.0,165.0,1.0,1.0,1.0,1.0
514,Aigle,12,15,17,35,46,66.0,95.0,137.0,7.0,10.0,14.0,20.0
515,Bex,9,8,12,19,49,80.0,131.0,215.0,2.0,3.0,5.0,8.0
516,Gryon,1,2,2,3,7,12.0,20.0,35.0,2.0,3.0,5.0,9.0
517,Leysin,1,2,1,1,3,5.0,8.0,13.0,1.0,2.0,3.0,5.0
518,Noville,0,0,0,1,6,,,,1.0,,,
519,Ollon,14,23,33,41,80,125.0,197.0,308.0,1.0,2.0,3.0,5.0
520,Rennaz,1,1,1,3,6,10.0,18.0,32.0,2.0,3.0,5.0,9.0
521,Aubonne,11,15,19,30,51,75.0,111.0,164.0,2.0,3.0,4.0,6.0
522,Ballens,0,0,1,2,8,,,,1.0,,,
523,Bière,0,0,1,2,7,,,,1.0,,,
524,Bougy-Villars,2,3,6,9,10,15.0,23.0,36.0,2.0,3.0,5.0,8.0
525,Féchy,1,1,1,4,13,30.0,70.0,161.0,1.0,2.0,5.0,12.0
526,Saint-George,1,2,5,6,11,21.0,39.0,73.0,1.0,2.0,4.0,7.0
527,Avenches,3,4,4,9,23,41.0,73.0,131.0,2.0,4.0,7.0,13.0
528,Cudrefin,3,2,3,10,19,35.0,65.0,120.0,1.0,2.0,4.0,7.0
529,Eclépens,2,2,3,8,9,14.0,22.0,35.0,1.0,2.0,3.0,5.0
530,Orny,1,1,1,3,5,8.0,14.0,23.0,1.0,2.0,4.0,7.0
531,La Sarraz,2,5,8,12,16,28.0,48.0,83.0,1.0,2.0,3.0,5.0
532,Bercher,2,2,4,7,11,17.0,27.0,43.0,1.0,2.0,3.0,5.0
533,Echallens,4,6,11,22,42,76.0,138.0,249.0,2.0,4.0,7.0,13.0
534,Etagnières,2,3,5,9,15,25.0,41.0,68.0,1.0,2.0,3.0,5.0
535,Champagne,1,3,5,14,21,47.0,106.0,237.0,2.0,4.0,9.0,20.0
536,Grandson,4,6,10,21,34,59.0,101.0,173.0,2.0,3.0,5.0,9.0
537,Cheseaux-sur-Lausanne,5,7,14,23,43,74.0,128.0,222.0,3.0,5.0,9.0,16.0
538,Crissier,11,14,31,52,81,136.0,229.0,384.0,8.0,13.0,22.0,37.0
539,Epalinges,16,23,27,55,100,162.0,261.0,423.0,2.0,3.0,5.0,8.0
540,Lausanne,113,146,240,363,570,858.0,1290.0,1942.0,40.0,60.0,90.0,135.0
541,Le Mont-sur-Lausanne,23,31,46,87,158,258.0,422.0,690.0,5.0,8.0,13.0,21.0
542,Paudex,8,8,7,9,16,20.0,24.0,30.0,1.0,1.0,1.0,1.0
543,Prilly,14,16,24,43,65,97.0,144.0,214.0,1.0,1.0,1.0,1.0
544,Pully,27,43,61,94,156,242.0,376.0,584.0,4.0,6.0,9.0,14.0
545,Romanel-sur-Lausanne,4,6,9,12,29,49.0,83.0,139.0,1.0,2.0,3.0,5.0
546,Chexbres,3,9,8,15,21,38.0,67.0,121.0,2.0,4.0,7.0,13.0
547,Forel (Lavaux),1,1,6,12,23,63.0,171.0,468.0,1.0,3.0,8.0,22.0
548,Lutry,20,33,60,101,164,278.0,471.0,797.0,2.0,3.0,5.0,8.0
549,Puidoux,3,4,5,8,20,33.0,56.0,93.0,4.0,7.0,12.0,20.0
550,Bourg-en-Lavaux,8,13,27,52,78,139.0,248.0,441.0,2.0,4.0,7.0,12.0
551,Bremblens,3,4,7,16,24,41.0,71.0,122.0,5.0,9.0,16.0,27.0
552,Bussigny,3,5,10,37,77,182.0,430.0,1015.0,5.0,12.0,28.0,66.0
553,Chavannes-près-Renens,2,4,5,7,14,23.0,39.0,64.0,1.0,2.0,3.0,5.0
554,Echandens,3,3,4,12,27,51.0,97.0,184.0,1.0,2.0,4.0,8.0
555,Etoy,3,7,12,22,38,72.0,137.0,261.0,4.0,8.0,15.0,29.0
556,Morges,23,26,44,85,157,259.0,428.0,706.0,6.0,10.0,17.0,28.0
557,Villars-sous-Yens,2,3,5,6,4,5.0,6.0,8.0,1.0,1.0,1.0,1.0
558,Lucens,1,6,5,10,23,64.0,178.0,496.0,1.0,3.0,8.0,22.0
559,Moudon,4,8,12,15,26,42.0,68.0,111.0,3.0,5.0,8.0,13.0
560,Chavannes-de-Bogis,2,3,4,10,19,34.0,62.0,112.0,3.0,5.0,9.0,16.0
561,Founex,8,14,30,40,61,103.0,174.0,293.0,1.0,2.0,3.0,5.0
562,Genolier,5,6,13,26,37,63.0,107.0,181.0,4.0,7.0,12.0,20.0
563,Gland,17,21,36,82,112,185.0,304.0,502.0,6.0,10.0,16.0,26.0
564,Nyon,32,45,64,118,177,273.0,421.0,650.0,13.0,20.0,31.0,48.0
565,Saint-Cergue,3,2,5,8,24,47.0,90.0,176.0,1.0,2.0,4.0,8.0
566,Signy-Avenex,0,0,3,6,8,,,,1.0,,,
567,Vich,2,2,4,6,11,17.0,28.0,44.0,1.0,2.0,3.0,5.0
568,L'Abergement,0,0,0,1,1,,,,1.0,,,
569,Ballaigues,0,1,2,5,8,inf,inf,inf,2.0,inf,,
570,Bavois,4,5,6,7,12,16.0,21.0,28.0,1.0,1.0,1.0,1.0
571,Chavornay,0,2,8,18,36,inf,inf,inf,1.0,inf,,
572,Orbe,5,8,10,17,37,62.0,105.0,176.0,4.0,7.0,12.0,20.0
573,Vallorbe,0,1,4,12,14,inf,inf,inf,4.0,inf,,
574,Servion,2,4,4,13,23,46.0,92.0,185.0,1.0,2.0,4.0,8.0
575,Chevroux,1,1,2,4,7,12.0,20.0,34.0,1.0,2.0,3.0,5.0
576,Payerne,8,12,21,33,59,97.0,161.0,266.0,7.0,12.0,20.0,33.0
577,Château-d'Oex,4,4,7,4,15,27.0,47.0,83.0,1.0,2.0,3.0,5.0
578,Rougemont,1,1,1,0,0,,,,2.0,,,
579,Bursinel,1,3,3,5,9,17.0,31.0,59.0,1.0,2.0,4.0,8.0
580,Bursins,2,2,6,10,18,34.0,63.0,117.0,3.0,6.0,11.0,20.0
581,Gilly,2,2,4,11,17,31.0,57.0,103.0,1.0,2.0,4.0,7.0
582,Rolle,13,14,21,34,62,93.0,140.0,211.0,2.0,3.0,5.0,8.0
583,L'Abbaye,1,3,8,12,20,44.0,98.0,215.0,1.0,2.0,4.0,9.0
584,Le Chenit,13,13,18,23,36,47.0,61.0,80.0,2.0,3.0,4.0,5.0
585,Le Lieu,1,1,2,3,4,6.0,9.0,12.0,1.0,2.0,3.0,4.0
586,Blonay,13,24,40,59,96,159.0,263.0,434.0,1.0,2.0,3.0,5.0
587,Chardonne,8,9,19,31,42,65.0,102.0,158.0,1.0,2.0,3.0,5.0
588,Montreux,23,29,53,93,152,246.0,399.0,646.0,5.0,8.0,13.0,21.0
589,Saint-Légier-La Chiésaz,14,14,21,47,83,135.0,219.0,357.0,5.0,8.0,13.0,21.0
590,La Tour-de-Peilz,8,16,29,40,65,111.0,189.0,322.0,6.0,10.0,17.0,29.0
591,Vevey,12,15,23,44,99,172.0,299.0,518.0,7.0,12.0,21.0,36.0
592,Montagny-près-Yverdon,2,2,2,5,12,21.0,36.0,62.0,1.0,2.0,3.0,5.0
593,Yverdon-les-Bains,26,30,52,76,144,225.0,351.0,548.0,14.0,22.0,34.0,53.0
594,Yvonand,5,7,7,15,29,47.0,76.0,123.0,1.0,2.0,3.0,5.0
595,Brig-Glis,18,25,45,50,90,137.0,209.0,319.0,1.0,2.0,3.0,5.0
596,Ried-Brig,2,4,8,10,14,23.0,39.0,64.0,1.0,2.0,3.0,5.0
597,Termen,0,0,1,2,9,,,,1.0,,,
598,Ardon,8,9,10,13,24,32.0,43.0,58.0,6.0,8.0,11.0,15.0
599,Chamoson,5,10,18,23,49,88.0,159.0,287.0,3.0,5.0,9.0,16.0
600,Conthey,7,12,20,32,69,123.0,220.0,392.0,12.0,21.0,38.0,68.0
601,Vétroz,8,12,16,27,61,103.0,175.0,297.0,5.0,8.0,14.0,24.0
602,Orsières,1,1,2,7,13,27.0,57.0,119.0,2.0,4.0,8.0,17.0
603,Sembrancher,0,1,2,1,1,inf,inf,inf,2.0,inf,,
604,Bellwald,2,2,4,4,5,7.0,9.0,11.0,1.0,1.0,1.0,1.0
605,Binn,0,0,0,0,0,,,,2.0,,,
606,Ernen,2,2,4,5,6,8.0,11.0,15.0,1.0,1.0,1.0,1.0
607,Fiesch,6,6,7,8,11,13.0,15.0,18.0,1.0,1.0,1.0,1.0
608,Ayent,3,5,10,13,33,62.0,116.0,218.0,1.0,2.0,4.0,8.0
609,Evolène,5,6,11,12,17,24.0,33.0,45.0,2.0,3.0,4.0,5.0
610,Hérémence,1,1,1,2,7,13.0,25.0,46.0,2.0,4.0,8.0,15.0
611,Vex,2,3,7,9,19,34.0,62.0,112.0,1.0,2.0,4.0,7.0
612,Inden,0,0,0,0,0,,,,1.0,,,
613,Leukerbad,4,2,3,5,6,7.0,9.0,11.0,2.0,2.0,3.0,4.0
614,Oberems,0,0,0,0,1,,,,1.0,,,
615,Varen,2,3,6,6,6,8.0,11.0,16.0,1.0,1.0,1.0,1.0
616,Bovernier,2,1,1,1,4,6.0,11.0,17.0,1.0,2.0,4.0,6.0
617,Fully,6,8,15,21,59,109.0,203.0,376.0,2.0,4.0,7.0,13.0
618,Martigny,19,25,42,62,131,216.0,355.0,584.0,17.0,28.0,46.0,76.0
619,Riddes,1,2,7,15,23,53.0,121.0,278.0,2.0,5.0,11.0,25.0
620,Saillon,5,7,7,11,35,63.0,112.0,200.0,5.0,9.0,16.0,29.0
621,Saxon,8,13,16,23,45,70.0,110.0,172.0,2.0,3.0,5.0,8.0
622,Champéry,0,1,2,3,9,inf,inf,inf,2.0,inf,,
623,Collombey-Muraz,10,11,13,26,60,99.0,163.0,268.0,2.0,3.0,5.0,8.0
624,Monthey,12,18,28,52,99,169.0,288.0,490.0,6.0,10.0,17.0,29.0
625,Val-d'Illiez,1,2,5,5,9,16.0,30.0,55.0,2.0,4.0,8.0,15.0
626,Vionnaz,1,4,11,13,23,56.0,135.0,328.0,2.0,5.0,12.0,29.0
627,Bitsch,0,0,2,3,8,,,,1.0,,,
628,Grengiols,2,3,3,3,3,3.0,4.0,4.0,1.0,1.0,1.0,1.0
629,Steg-Hohtenn,12,15,13,10,14,15.0,16.0,17.0,1.0,1.0,1.0,1.0
630,Dorénaz,0,0,1,3,5,,,,1.0,,,
631,Massongex,1,1,1,5,15,38.0,94.0,234.0,1.0,3.0,7.0,17.0
632,Salvan,1,1,1,2,4,6.0,9.0,14.0,1.0,2.0,3.0,5.0
633,Vernayaz,4,4,6,7,11,14.0,19.0,25.0,1.0,1.0,1.0,1.0
634,Chalais,3,4,6,11,28,50.0,91.0,164.0,1.0,2.0,4.0,7.0
635,Grône,1,1,1,3,13,30.0,71.0,165.0,1.0,2.0,5.0,12.0
636,Icogne,0,0,3,4,7,,,,1.0,,,
637,Lens,3,5,7,12,28,50.0,89.0,158.0,1.0,2.0,4.0,7.0
638,Sierre,22,24,38,45,111,176.0,278.0,439.0,8.0,13.0,21.0,33.0
639,Crans-Montana,24,26,39,43,81,113.0,157.0,219.0,10.0,14.0,19.0,27.0
640,Arbaz,4,5,5,8,15,21.0,31.0,44.0,2.0,3.0,4.0,6.0
641,Grimisuat,3,6,13,16,34,64.0,120.0,226.0,1.0,2.0,4.0,8.0
642,Savièse,10,10,19,30,77,136.0,239.0,421.0,2.0,4.0,7.0,12.0
643,Sion,56,81,137,211,362,579.0,925.0,1478.0,25.0,40.0,64.0,102.0
644,Veysonnaz,1,1,1,2,5,8.0,13.0,21.0,2.0,3.0,5.0,8.0
645,Saas-Grund,4,3,4,5,8,10.0,12.0,15.0,1.0,1.0,1.0,1.0
646,Täsch,1,1,1,1,2,2.0,3.0,4.0,1.0,1.0,2.0,3.0
647,Visp,21,25,32,44,82,117.0,167.0,238.0,1.0,1.0,1.0,1.0
648,Visperterminen,0,1,4,4,8,inf,inf,inf,2.0,inf,,
649,Zeneggen,0,1,1,3,5,inf,inf,inf,2.0,inf,,
650,Boudry,11,10,16,23,44,64.0,94.0,138.0,5.0,7.0,10.0,15.0
651,Cortaillod,5,10,18,29,45,78.0,136.0,237.0,3.0,5.0,9.0,16.0
652,La Chaux-de-Fonds,28,35,50,76,138,207.0,312.0,469.0,13.0,20.0,30.0,45.0
653,La Sagne,1,1,1,1,6,14.0,30.0,68.0,2.0,5.0,11.0,25.0
654,Le Locle,6,6,9,16,30,46.0,71.0,109.0,5.0,8.0,12.0,18.0
655,Les Ponts-de-Martel,3,4,4,7,10,14.0,19.0,26.0,1.0,1.0,1.0,1.0
656,Cornaux,0,0,2,1,11,,,,1.0,,,
657,Hauterive,2,1,2,4,8,13.0,21.0,34.0,2.0,3.0,5.0,8.0
658,Le Landeron,1,3,2,13,17,49.0,140.0,401.0,1.0,3.0,9.0,26.0
659,Neuchâtel,47,60,99,148,232,347.0,520.0,779.0,13.0,19.0,28.0,42.0
660,Les Verrières,0,0,0,0,0,,,,1.0,,,
661,Val-de-Travers,3,14,24,41,64,154.0,373.0,899.0,3.0,7.0,17.0,41.0
662,Aire-la-Ville,1,2,2,4,15,33.0,72.0,157.0,3.0,7.0,15.0,33.0
663,Anières,5,8,12,25,35,58.0,95.0,156.0,1.0,2.0,3.0,5.0
664,Avully,1,0,5,6,8,inf,inf,inf,1.0,inf,,
665,Bernex,6,7,16,34,63,117.0,217.0,404.0,5.0,9.0,17.0,32.0
666,Chêne-Bougeries,24,24,46,74,105,156.0,232.0,345.0,1.0,1.0,1.0,1.0
667,Chêne-Bourg,6,7,6,16,30,49.0,81.0,133.0,2.0,3.0,5.0,8.0
668,Collonge-Bellerive,28,33,45,66,105,147.0,206.0,288.0,1.0,1.0,1.0,1.0
669,Cologny,22,23,35,56,88,126.0,181.0,260.0,3.0,4.0,6.0,9.0
670,Genève,175,223,317,481,713,1015.0,1446.0,2058.0,44.0,63.0,90.0,128.0
671,Le Grand-Saconnex,7,8,10,26,50,86.0,149.0,258.0,4.0,7.0,12.0,21.0
672,Lancy,17,26,50,101,159,280.0,493.0,869.0,5.0,9.0,16.0,28.0
673,Meyrin,15,27,31,63,108,181.0,303.0,506.0,8.0,13.0,22.0,37.0
674,Plan-les-Ouates,26,29,45,58,88,120.0,165.0,225.0,2.0,3.0,4.0,5.0
675,Puplinge,1,1,3,4,5,8.0,14.0,22.0,1.0,2.0,4.0,6.0
676,Russin,2,2,3,4,6,8.0,11.0,14.0,1.0,1.0,1.0,1.0
677,Satigny,3,8,13,26,48,98.0,199.0,404.0,2.0,4.0,8.0,16.0
678,Thônex,14,14,27,41,64,96.0,144.0,217.0,5.0,8.0,12.0,18.0
679,Vandoeuvres,13,15,27,40,51,73.0,104.0,148.0,1.0,1.0,1.0,1.0
680,Vernier,34,45,60,90,134,189.0,267.0,377.0,7.0,10.0,14.0,20.0
681,Versoix,13,17,22,32,55,79.0,115.0,166.0,9.0,13.0,19.0,27.0
682,Courrendlin,4,7,7,14,23,37.0,59.0,94.0,1.0,2.0,3.0,5.0
683,Courroux,2,2,4,6,19,36.0,70.0,134.0,1.0,2.0,4.0,8.0
684,Delémont,10,15,23,46,87,151.0,261.0,451.0,10.0,17.0,29.0,50.0
685,Develier,2,2,3,8,20,38.0,73.0,141.0,3.0,6.0,12.0,23.0
686,Montfaucon,1,1,1,3,4,6.0,10.0,16.0,1.0,2.0,3.0,5.0
687,Le Noirmont,0,1,1,3,12,inf,inf,inf,3.0,inf,,
688,Saignelégier,1,2,3,9,14,28.0,57.0,114.0,1.0,2.0,4.0,8.0
689,Porrentruy,7,10,15,29,49,80.0,131.0,215.0,3.0,5.0,8.0,13.0
690,Vendlincourt,0,0,0,0,3,,,,1.0,,,
